<?xml version="1.0" encoding="UTF-8" ?>
<!DOCTYPE mapper PUBLIC "-//mybatis.org//DTD Mapper 3.0//EN"
        "http://mybatis.org/dtd/mybatis-3-mapper.dtd">

<mapper namespace="com.example.spring4.board.dao.BoardMapper">

    <insert id="insertBoard"
            parameterType="boardVO">
        insert into board(title, content, writer, img)
        values (#{title}, #{content}, #{writer}, #{img})
    </insert>

    <!-- 게시글 수정 -->
    <update id="updateBoard"
            parameterType="boardVO">
        UPDATE board
        SET title = #{title},
            content = #{content}
        WHERE no = #{no}
    </update>

    <!-- 게시글 삭제 -->
    <delete id="deleteBoard"
            parameterType="int">
        DELETE FROM board
        WHERE no = #{no}
    </delete>

    <!-- 게시글 번호로 조회 -->
    <select id="selectBoardByNo"
            parameterType="int"
            resultType="boardVO">
        SELECT no, title, content, writer, img
        FROM board
        WHERE no = #{no}
    </select>

    <select id="selectBoardAll"
            resultType="boardVO">
        SELECT no, title, content, writer, img
        FROM board
        order by no desc
    </select>

    <select id="getBoardByContent"
            parameterType="string"
            resultType="boardVO">
        SELECT no, title, content, writer, img
        FROM board
        WHERE content LIKE CONCAT('%', #{find}, '%')
        ORDER BY no DESC
    </select>

    <select id="getAllBoardsPage" resultType="boardVO">
        SELECT * FROM board
        ORDER BY no DESC
    </select>

</mapper>
