<?xml version="1.0" encoding="UTF-8"?>
<Configuration status="WARN">
    <Appenders>
        <!-- Console Appender -->
        <Console name="Console" target="SYSTEM_OUT">
            <PatternLayout>
                <Pattern>%d{yy-MM-dd HH:mm:ss} [%t] %-5level %logger{36} - %msg%n</Pattern>
            </PatternLayout>
        </Console>

        <!-- File Appender -->
        <File name="File" fileName="logs/app2.log">
            <PatternLayout>
                <Pattern>%d{yy-MM-dd HH:mm:ss} [%t] %-5level %logger{36} - %msg%n</Pattern>
            </PatternLayout>
        </File>
    </Appenders>

    <Loggers>
        <!-- Root Logger -->
        <Root level="WARN">
            <AppenderRef ref="Console"/>
            <AppenderRef ref="File"/>
        </Root>

        <!-- Specific Logger Configuration -->
        <Logger name="com.example.spring4" level="DEBUG" additivity="false">
            <AppenderRef ref="Console"/>
        </Logger>
    </Loggers>
</Configuration>
